{
  "val_best_auroc": 1.0,
  "test": {
    "acc": 0.8413461538461539,
    "f1": 0.887115165336374,
    "auroc": 0.9668858207319747
  }
}